timestamp,horizon_min,scenario,rain_mm,forecast_mm,p_alarm,state
2025-04-02T18:00:00Z,5,none,0.0000,73.9898,0.0000,Green
2025-04-02T18:05:00Z,10,none,0.0000,73.8101,0.0000,Green
2025-04-02T18:10:00Z,15,none,0.0000,74.0004,0.0000,Green
2025-04-02T18:15:00Z,20,none,0.0000,73.9330,0.0000,Green
2025-04-02T18:20:00Z,25,none,0.0000,73.9751,0.0000,Green
2025-04-02T18:25:00Z,30,none,0.0000,73.8689,0.0000,Green
2025-04-02T18:30:00Z,35,none,0.0000,73.8246,0.0000,Green
2025-04-02T18:35:00Z,40,none,0.0000,73.7530,0.0000,Green
2025-04-02T18:40:00Z,45,none,0.0000,73.6920,0.0000,Green
2025-04-02T18:45:00Z,50,none,0.0000,73.6254,0.0000,Green
2025-04-02T18:50:00Z,55,none,0.0000,73.5600,0.0000,Green
2025-04-02T18:55:00Z,60,none,0.0000,73.4931,0.0000,Green
2025-04-02T19:00:00Z,65,none,0.0000,73.4257,0.0000,Green
2025-04-02T19:05:00Z,70,none,0.0000,73.3573,0.0000,Green
2025-04-02T19:10:00Z,75,none,0.0000,73.2883,0.0000,Green
2025-04-02T19:15:00Z,80,none,0.0000,73.2183,0.0000,Green
2025-04-02T19:20:00Z,85,none,0.0000,73.1476,0.0000,Green
2025-04-02T19:25:00Z,90,none,0.0000,73.0761,0.0000,Green
2025-04-02T19:30:00Z,95,none,0.0000,73.0037,0.0000,Green
2025-04-02T19:35:00Z,100,none,0.0000,72.9305,0.0000,Green
2025-04-02T19:40:00Z,105,none,0.0000,72.8564,0.0000,Green
2025-04-02T19:45:00Z,110,none,0.0000,72.7814,0.0000,Green
2025-04-02T19:50:00Z,115,none,0.0000,72.7055,0.0000,Green
2025-04-02T19:55:00Z,120,none,0.0000,72.6288,0.0000,Green
2025-04-02T20:00:00Z,125,none,0.0000,72.5512,0.0000,Green
2025-04-02T20:05:00Z,130,none,0.0000,72.4726,0.0000,Green
2025-04-02T20:10:00Z,135,none,0.0000,72.3932,0.0000,Green
2025-04-02T20:15:00Z,140,none,0.0000,72.3128,0.0000,Green
2025-04-02T20:20:00Z,145,none,0.0000,72.2314,0.0000,Green
2025-04-02T20:25:00Z,150,none,0.0000,72.1492,0.0000,Green
2025-04-02T20:30:00Z,155,none,0.0000,72.0659,0.0000,Green
2025-04-02T20:35:00Z,160,none,0.0000,71.9817,0.0000,Green
2025-04-02T20:40:00Z,165,none,0.0000,71.8965,0.0000,Green
2025-04-02T20:45:00Z,170,none,0.0000,71.8102,0.0000,Green
2025-04-02T20:50:00Z,175,none,0.0000,71.7230,0.0000,Green
2025-04-02T20:55:00Z,180,none,0.0000,71.6348,0.0000,Green
2025-04-02T21:00:00Z,185,none,0.0000,71.5455,0.0000,Green
2025-04-02T21:05:00Z,190,none,0.0000,71.4552,0.0000,Green
2025-04-02T21:10:00Z,195,none,0.0000,71.3638,0.0000,Green
2025-04-02T21:15:00Z,200,none,0.0000,71.2713,0.0000,Green
2025-04-02T21:20:00Z,205,none,0.0000,71.1778,0.0000,Green
2025-04-02T21:25:00Z,210,none,0.0000,71.0831,0.0000,Green
2025-04-02T21:30:00Z,215,none,0.0000,70.9874,0.0000,Green
2025-04-02T21:35:00Z,220,none,0.0000,70.8905,0.0000,Green
2025-04-02T21:40:00Z,225,none,0.0000,70.7925,0.0000,Green
2025-04-02T21:45:00Z,230,none,0.0000,70.6933,0.0000,Green
2025-04-02T21:50:00Z,235,none,0.0000,70.5930,0.0000,Green
2025-04-02T21:55:00Z,240,none,0.0000,70.4915,0.0000,Green
2025-04-02T22:00:00Z,245,none,0.0000,70.3888,0.0000,Green
2025-04-02T22:05:00Z,250,none,0.0000,70.2849,0.0000,Green
2025-04-02T22:10:00Z,255,none,0.0000,70.1798,0.0000,Green
2025-04-02T22:15:00Z,260,none,0.0000,70.0735,0.0000,Green
2025-04-02T22:20:00Z,265,none,0.0000,69.9659,0.0000,Green
2025-04-02T22:25:00Z,270,none,0.0000,69.8571,0.0000,Green
2025-04-02T22:30:00Z,275,none,0.0000,69.7469,0.0000,Green
2025-04-02T22:35:00Z,280,none,0.0000,69.6355,0.0000,Green
2025-04-02T22:40:00Z,285,none,0.0000,69.5228,0.0000,Green
2025-04-02T22:45:00Z,290,none,0.0000,69.4088,0.0000,Green
2025-04-02T22:50:00Z,295,none,0.0000,69.2934,0.0000,Green
2025-04-02T22:55:00Z,300,none,0.0000,69.1767,0.0000,Green
2025-04-02T23:00:00Z,305,none,0.0000,69.0586,0.0000,Green
2025-04-02T23:05:00Z,310,none,0.0000,68.9391,0.0000,Green
2025-04-02T23:10:00Z,315,none,0.0000,68.8182,0.0000,Green
2025-04-02T23:15:00Z,320,none,0.0000,68.6959,0.0000,Green
2025-04-02T23:20:00Z,325,none,0.0000,68.5722,0.0000,Green
2025-04-02T23:25:00Z,330,none,0.0000,68.4470,0.0000,Green
2025-04-02T23:30:00Z,335,none,0.0000,68.3204,0.0000,Green
2025-04-02T23:35:00Z,340,none,0.0000,68.1922,0.0000,Green
2025-04-02T23:40:00Z,345,none,0.0000,68.0626,0.0000,Green
2025-04-02T23:45:00Z,350,none,0.0000,67.9314,0.0000,Green
2025-04-02T23:50:00Z,355,none,0.0000,67.7987,0.0000,Green
2025-04-02T23:55:00Z,360,none,0.0000,67.6645,0.0000,Green
2025-04-03T00:00:00Z,365,none,0.0000,67.5287,0.0000,Green
2025-04-03T00:05:00Z,370,none,0.0000,67.3912,0.0000,Green
2025-04-03T00:10:00Z,375,none,0.0000,67.2522,0.0000,Green
2025-04-03T00:15:00Z,380,none,0.0000,67.1116,0.0000,Green
2025-04-03T00:20:00Z,385,none,0.0000,66.9693,0.0000,Green
2025-04-03T00:25:00Z,390,none,0.0000,66.8253,0.0000,Green
2025-04-03T00:30:00Z,395,none,0.0000,66.6796,0.0000,Green
2025-04-03T00:35:00Z,400,none,0.0000,66.5323,0.0000,Green
2025-04-03T00:40:00Z,405,none,0.0000,66.3832,0.0000,Green
2025-04-03T00:45:00Z,410,none,0.0000,66.2323,0.0000,Green
2025-04-03T00:50:00Z,415,none,0.0000,66.0797,0.0000,Green
2025-04-03T00:55:00Z,420,none,0.0000,65.9253,0.0000,Green
2025-04-03T01:00:00Z,425,none,0.0000,65.7691,0.0000,Green
2025-04-03T01:05:00Z,430,none,0.0000,65.6111,0.0000,Green
2025-04-03T01:10:00Z,435,none,0.0000,65.4512,0.0000,Green
2025-04-03T01:15:00Z,440,none,0.0000,65.2894,0.0000,Green
2025-04-03T01:20:00Z,445,none,0.0000,65.1258,0.0000,Green
2025-04-03T01:25:00Z,450,none,0.0000,64.9602,0.0000,Green
2025-04-03T01:30:00Z,455,none,0.0000,64.7927,0.0000,Green
2025-04-03T01:35:00Z,460,none,0.0000,64.6232,0.0000,Green
2025-04-03T01:40:00Z,465,none,0.0000,64.4517,0.0000,Green
2025-04-03T01:45:00Z,470,none,0.0000,64.2782,0.0000,Green
2025-04-03T01:50:00Z,475,none,0.0000,64.1027,0.0000,Green
2025-04-03T01:55:00Z,480,none,0.0000,63.9251,0.0000,Green
2025-04-03T02:00:00Z,485,none,0.0000,63.7455,0.0000,Green
2025-04-03T02:05:00Z,490,none,0.0000,63.5637,0.0000,Green
2025-04-03T02:10:00Z,495,none,0.0000,63.3798,0.0000,Green
2025-04-03T02:15:00Z,500,none,0.0000,63.1938,0.0000,Green
2025-04-03T02:20:00Z,505,none,0.0000,63.0055,0.0000,Green
2025-04-03T02:25:00Z,510,none,0.0000,62.8151,0.0000,Green
2025-04-03T02:30:00Z,515,none,0.0000,62.6225,0.0000,Green
2025-04-03T02:35:00Z,520,none,0.0000,62.4275,0.0000,Green
2025-04-03T02:40:00Z,525,none,0.0000,62.2303,0.0000,Green
2025-04-03T02:45:00Z,530,none,0.0000,62.0308,0.0000,Green
2025-04-03T02:50:00Z,535,none,0.0000,61.8289,0.0000,Green
2025-04-03T02:55:00Z,540,none,0.0000,61.6247,0.0000,Green
2025-04-03T03:00:00Z,545,none,0.0000,61.4181,0.0000,Green
2025-04-03T03:05:00Z,550,none,0.0000,61.2091,0.0000,Green
2025-04-03T03:10:00Z,555,none,0.0000,60.9976,0.0000,Green
2025-04-03T03:15:00Z,560,none,0.0000,60.7836,0.0000,Green
2025-04-03T03:20:00Z,565,none,0.0000,60.5671,0.0000,Green
2025-04-03T03:25:00Z,570,none,0.0000,60.3481,0.0000,Green
2025-04-03T03:30:00Z,575,none,0.0000,60.1265,0.0000,Green
2025-04-03T03:35:00Z,580,none,0.0000,59.9023,0.0000,Green
2025-04-03T03:40:00Z,585,none,0.0000,59.6755,0.0000,Green
2025-04-03T03:45:00Z,590,none,0.0000,59.4461,0.0000,Green
2025-04-03T03:50:00Z,595,none,0.0000,59.2139,0.0000,Green
2025-04-03T03:55:00Z,600,none,0.0000,58.9790,0.0000,Green
2025-04-03T04:00:00Z,605,none,0.0000,58.7414,0.0000,Green
2025-04-03T04:05:00Z,610,none,0.0000,58.5010,0.0000,Green
2025-04-03T04:10:00Z,615,none,0.0000,58.2577,0.0000,Green
2025-04-03T04:15:00Z,620,none,0.0000,58.0117,0.0000,Green
2025-04-03T04:20:00Z,625,none,0.0000,57.7627,0.0000,Green
2025-04-03T04:25:00Z,630,none,0.0000,57.5108,0.0000,Green
2025-04-03T04:30:00Z,635,none,0.0000,57.2560,0.0000,Green
2025-04-03T04:35:00Z,640,none,0.0000,56.9981,0.0000,Green
2025-04-03T04:40:00Z,645,none,0.0000,56.7373,0.0000,Green
2025-04-03T04:45:00Z,650,none,0.0000,56.4734,0.0000,Green
2025-04-03T04:50:00Z,655,none,0.0000,56.2064,0.0000,Green
2025-04-03T04:55:00Z,660,none,0.0000,55.9362,0.0000,Green
2025-04-03T05:00:00Z,665,none,0.0000,55.6629,0.0000,Green
2025-04-03T05:05:00Z,670,none,0.0000,55.3864,0.0000,Green
2025-04-03T05:10:00Z,675,none,0.0000,55.1067,0.0000,Green
2025-04-03T05:15:00Z,680,none,0.0000,54.8237,0.0000,Green
2025-04-03T05:20:00Z,685,none,0.0000,54.5373,0.0000,Green
2025-04-03T05:25:00Z,690,none,0.0000,54.2476,0.0000,Green
2025-04-03T05:30:00Z,695,none,0.0000,53.9546,0.0000,Green
2025-04-03T05:35:00Z,700,none,0.0000,53.6580,0.0000,Green
2025-04-03T05:40:00Z,705,none,0.0000,53.3580,0.0000,Green
2025-04-03T05:45:00Z,710,none,0.0000,53.0545,0.0000,Green
2025-04-03T05:50:00Z,715,none,0.0000,52.7474,0.0000,Green
2025-04-03T05:55:00Z,720,none,0.0000,52.4367,0.0000,Green
2025-04-02T18:00:00Z,5,light,0.0417,52.1224,0.0000,Green
2025-04-02T18:05:00Z,10,light,0.0417,51.8044,0.0000,Green
2025-04-02T18:10:00Z,15,light,0.0417,51.4827,0.0000,Green
2025-04-02T18:15:00Z,20,light,0.0417,51.1572,0.0000,Green
2025-04-02T18:20:00Z,25,light,0.0417,50.8279,0.0000,Green
2025-04-02T18:25:00Z,30,light,0.0417,50.4947,0.0000,Green
2025-04-02T18:30:00Z,35,light,0.0417,50.1576,0.0000,Green
2025-04-02T18:35:00Z,40,light,0.0417,49.8166,0.0000,Green
2025-04-02T18:40:00Z,45,light,0.0417,49.4716,0.0000,Green
2025-04-02T18:45:00Z,50,light,0.0417,49.1225,0.0000,Green
2025-04-02T18:50:00Z,55,light,0.0417,48.7906,0.0000,Green
2025-04-02T18:55:00Z,60,light,0.0417,48.4457,0.0000,Green
2025-04-02T19:00:00Z,65,light,0.0417,48.1007,0.0000,Green
2025-04-02T19:05:00Z,70,light,0.0417,47.7500,0.0000,Green
2025-04-02T19:10:00Z,75,light,0.0417,47.3959,0.0000,Green
2025-04-02T19:15:00Z,80,light,0.0417,47.0373,0.0000,Green
2025-04-02T19:20:00Z,85,light,0.0417,46.6746,0.0000,Green
2025-04-02T19:25:00Z,90,light,0.0417,46.3077,0.0000,Green
2025-04-02T19:30:00Z,95,light,0.0417,45.9364,0.0000,Green
2025-04-02T19:35:00Z,100,light,0.0417,45.5608,0.0000,Green
2025-04-02T19:40:00Z,105,light,0.0417,45.1808,0.0000,Green
2025-04-02T19:45:00Z,110,light,0.0417,44.7964,0.0000,Green
2025-04-02T19:50:00Z,115,light,0.0417,44.4074,0.0000,Green
2025-04-02T19:55:00Z,120,light,0.0417,44.0139,0.0000,Green
2025-04-02T20:00:00Z,125,light,0.0417,43.6158,0.0000,Green
2025-04-02T20:05:00Z,130,light,0.0417,43.2130,0.0000,Green
2025-04-02T20:10:00Z,135,light,0.0417,42.8054,0.0000,Green
2025-04-02T20:15:00Z,140,light,0.0417,43.1883,0.0000,Green
2025-04-02T20:20:00Z,145,light,0.0417,42.4430,0.0000,Green
2025-04-02T20:25:00Z,150,light,0.0417,42.9138,0.0000,Green
2025-04-02T20:30:00Z,155,light,0.0417,43.0633,0.0000,Green
2025-04-02T20:35:00Z,160,light,0.0417,42.4161,0.0000,Green
2025-04-02T20:40:00Z,165,light,0.0417,42.8606,0.0000,Green
2025-04-02T20:45:00Z,170,light,0.0417,43.0168,0.0000,Green
2025-04-02T20:50:00Z,175,light,0.0417,43.2507,0.0000,Green
2025-04-02T20:55:00Z,180,light,0.0417,42.5704,0.0000,Green
2025-04-02T21:00:00Z,185,light,0.0417,43.0246,0.0000,Green
2025-04-02T21:05:00Z,190,light,0.0417,43.1791,0.0000,Green
2025-04-02T21:10:00Z,195,light,0.0417,42.5317,0.0000,Green
2025-04-02T21:15:00Z,200,light,0.0417,42.9769,0.0000,Green
2025-04-02T21:20:00Z,205,light,0.0417,43.1336,0.0000,Green
2025-04-02T21:25:00Z,210,light,0.0417,42.4845,0.0000,Green
2025-04-02T21:30:00Z,215,light,0.0417,42.9299,0.0000,Green
2025-04-02T21:35:00Z,220,light,0.0417,43.0862,0.0000,Green
2025-04-02T21:40:00Z,225,light,0.0417,42.4365,0.0000,Green
2025-04-02T21:45:00Z,230,light,0.0417,42.8818,0.0000,Green
2025-04-02T21:50:00Z,235,light,0.0417,43.0379,0.0000,Green
2025-04-02T21:55:00Z,240,light,0.0417,43.2719,0.0000,Green
2025-04-02T22:00:00Z,245,light,0.0417,42.5919,0.0000,Green
2025-04-02T22:05:00Z,250,light,0.0417,43.0462,0.0000,Green
2025-04-02T22:10:00Z,255,light,0.0417,43.2008,0.0000,Green
2025-04-02T22:15:00Z,260,light,0.0417,42.5537,0.0000,Green
2025-04-02T22:20:00Z,265,light,0.0417,42.9990,0.0000,Green
2025-04-02T22:25:00Z,270,light,0.0417,43.1557,0.0000,Green
2025-04-02T22:30:00Z,275,light,0.0417,42.5070,0.0000,Green
2025-04-02T22:35:00Z,280,light,0.0417,42.9524,0.0000,Green
2025-04-02T22:40:00Z,285,light,0.0417,43.1089,0.0000,Green
2025-04-02T22:45:00Z,290,light,0.0417,42.4594,0.0000,Green
2025-04-02T22:50:00Z,295,light,0.0417,42.9048,0.0000,Green
2025-04-02T22:55:00Z,300,light,0.0417,43.0610,0.0000,Green
2025-04-02T23:00:00Z,305,light,0.0417,42.4109,0.0000,Green
2025-04-02T23:05:00Z,310,light,0.0417,42.8561,0.0000,Green
2025-04-02T23:10:00Z,315,light,0.0417,43.0121,0.0000,Green
2025-04-02T23:15:00Z,320,light,0.0417,43.2460,0.0000,Green
2025-04-02T23:20:00Z,325,light,0.0417,42.5656,0.0000,Green
2025-04-02T23:25:00Z,330,light,0.0417,43.0198,0.0000,Green
2025-04-02T23:30:00Z,335,light,0.0417,43.1743,0.0000,Green
2025-04-02T23:35:00Z,340,light,0.0417,42.5269,0.0000,Green
2025-04-02T23:40:00Z,345,light,0.0417,42.9721,0.0000,Green
2025-04-02T23:45:00Z,350,light,0.0417,43.1287,0.0000,Green
2025-04-02T23:50:00Z,355,light,0.0417,42.4795,0.0000,Green
2025-04-02T23:55:00Z,360,light,0.0417,42.9249,0.0000,Green
2025-04-03T00:00:00Z,365,light,0.0417,43.0813,0.0000,Green
2025-04-03T00:05:00Z,370,light,0.0417,42.4314,0.0000,Green
2025-04-03T00:10:00Z,375,light,0.0417,42.8767,0.0000,Green
2025-04-03T00:15:00Z,380,light,0.0417,43.0328,0.0000,Green
2025-04-03T00:20:00Z,385,light,0.0417,43.2668,0.0000,Green
2025-04-03T00:25:00Z,390,light,0.0417,42.5867,0.0000,Green
2025-04-03T00:30:00Z,395,light,0.0417,43.0410,0.0000,Green
2025-04-03T00:35:00Z,400,light,0.0417,43.1956,0.0000,Green
2025-04-03T00:40:00Z,405,light,0.0417,42.5484,0.0000,Green
2025-04-03T00:45:00Z,410,light,0.0417,42.9937,0.0000,Green
2025-04-03T00:50:00Z,415,light,0.0417,43.1504,0.0000,Green
2025-04-03T00:55:00Z,420,light,0.0417,42.5015,0.0000,Green
2025-04-03T01:00:00Z,425,light,0.0417,42.9470,0.0000,Green
2025-04-03T01:05:00Z,430,light,0.0417,43.1034,0.0000,Green
2025-04-03T01:10:00Z,435,light,0.0417,42.4539,0.0000,Green
2025-04-03T01:15:00Z,440,light,0.0417,42.8992,0.0000,Green
2025-04-03T01:20:00Z,445,light,0.0417,43.0554,0.0000,Green
2025-04-03T01:25:00Z,450,light,0.0417,42.4052,0.0000,Green
2025-04-03T01:30:00Z,455,light,0.0417,42.8505,0.0000,Green
2025-04-03T01:35:00Z,460,light,0.0417,43.0064,0.0000,Green
2025-04-03T01:40:00Z,465,light,0.0417,43.2403,0.0000,Green
2025-04-03T01:45:00Z,470,light,0.0417,42.5598,0.0000,Green
2025-04-03T01:50:00Z,475,light,0.0417,43.0140,0.0000,Green
2025-04-03T01:55:00Z,480,light,0.0417,43.1685,0.0000,Green
2025-04-03T02:00:00Z,485,light,0.0417,42.5209,0.0000,Green
2025-04-03T02:05:00Z,490,light,0.0417,42.9661,0.0000,Green
2025-04-03T02:10:00Z,495,light,0.0417,43.1227,0.0000,Green
2025-04-03T02:15:00Z,500,light,0.0417,42.4735,0.0000,Green
2025-04-03T02:20:00Z,505,light,0.0417,42.9189,0.0000,Green
2025-04-03T02:25:00Z,510,light,0.0417,43.0752,0.0000,Green
2025-04-03T02:30:00Z,515,light,0.0417,42.4252,0.0000,Green
2025-04-03T02:35:00Z,520,light,0.0417,42.8705,0.0000,Green
2025-04-03T02:40:00Z,525,light,0.0417,43.0266,0.0000,Green
2025-04-03T02:45:00Z,530,light,0.0417,43.2605,0.0000,Green
2025-04-03T02:50:00Z,535,light,0.0417,42.5804,0.0000,Green
2025-04-03T02:55:00Z,540,light,0.0417,43.0346,0.0000,Green
2025-04-03T03:00:00Z,545,light,0.0417,43.1892,0.0000,Green
2025-04-03T03:05:00Z,550,light,0.0417,42.5419,0.0000,Green
2025-04-03T03:10:00Z,555,light,0.0417,42.9872,0.0000,Green
2025-04-03T03:15:00Z,560,light,0.0417,43.1439,0.0000,Green
2025-04-03T03:20:00Z,565,light,0.0417,42.4949,0.0000,Green
2025-04-03T03:25:00Z,570,light,0.0417,42.9403,0.0000,Green
2025-04-03T03:30:00Z,575,light,0.0417,43.0967,0.0000,Green
2025-04-03T03:35:00Z,580,light,0.0417,42.4471,0.0000,Green
2025-04-03T03:40:00Z,585,light,0.0417,42.8925,0.0000,Green
2025-04-03T03:45:00Z,590,light,0.0417,43.0486,0.0000,Green
2025-04-03T03:50:00Z,595,light,0.0417,43.2827,0.0000,Green
2025-04-03T03:55:00Z,600,light,0.0417,42.6028,0.0000,Green
2025-04-03T04:00:00Z,605,light,0.0417,43.0571,0.0000,Green
2025-04-03T04:05:00Z,610,light,0.0417,42.2789,0.0000,Green
2025-04-03T04:10:00Z,615,light,0.0417,42.7576,0.0000,Green
2025-04-03T04:15:00Z,620,light,0.0417,42.9041,0.0000,Green
2025-04-03T04:20:00Z,625,light,0.0417,43.1399,0.0000,Green
2025-04-03T04:25:00Z,630,light,0.0417,42.4569,0.0000,Green
2025-04-03T04:30:00Z,635,light,0.0417,42.9112,0.0000,Green
2025-04-03T04:35:00Z,640,light,0.0417,43.0651,0.0000,Green
2025-04-03T04:40:00Z,645,light,0.0417,42.4160,0.0000,Green
2025-04-03T04:45:00Z,650,light,0.0417,42.8610,0.0000,Green
2025-04-03T04:50:00Z,655,light,0.0417,43.0171,0.0000,Green
2025-04-03T04:55:00Z,660,light,0.0417,43.2510,0.0000,Green
2025-04-03T05:00:00Z,665,light,0.0417,42.5707,0.0000,Green
2025-04-03T05:05:00Z,670,light,0.0417,43.0249,0.0000,Green
2025-04-03T05:10:00Z,675,light,0.0417,43.1794,0.0000,Green
2025-04-03T05:15:00Z,680,light,0.0417,42.5320,0.0000,Green
2025-04-03T05:20:00Z,685,light,0.0417,42.9772,0.0000,Green
2025-04-03T05:25:00Z,690,light,0.0417,43.1339,0.0000,Green
2025-04-03T05:30:00Z,695,light,0.0417,42.4848,0.0000,Green
2025-04-03T05:35:00Z,700,light,0.0417,42.9302,0.0000,Green
2025-04-03T05:40:00Z,705,light,0.0417,43.0866,0.0000,Green
2025-04-03T05:45:00Z,710,light,0.0417,42.4368,0.0000,Green
2025-04-03T05:50:00Z,715,light,0.0417,42.8821,0.0000,Green
2025-04-03T05:55:00Z,720,light,0.0417,43.0382,0.0000,Green
2025-04-02T18:00:00Z,5,moderate,0.1667,43.2723,0.0000,Green
2025-04-02T18:05:00Z,10,moderate,0.1667,42.5922,0.0000,Green
2025-04-02T18:10:00Z,15,moderate,0.1667,43.0465,0.0000,Green
2025-04-02T18:15:00Z,20,moderate,0.1667,43.2011,0.0000,Green
2025-04-02T18:20:00Z,25,moderate,0.1667,42.5540,0.0000,Green
2025-04-02T18:25:00Z,30,moderate,0.1667,43.0206,0.0000,Green
2025-04-02T18:30:00Z,35,moderate,0.1667,43.1931,0.0000,Green
2025-04-02T18:35:00Z,40,moderate,0.1667,42.5170,0.0000,Green
2025-04-02T18:40:00Z,45,moderate,0.1667,42.9911,0.0000,Green
2025-04-02T18:45:00Z,50,moderate,0.1667,43.1614,0.0000,Green
2025-04-02T18:50:00Z,55,moderate,0.1667,42.5706,0.0000,Green
2025-04-02T18:55:00Z,60,moderate,0.1667,42.9371,0.0000,Green
2025-04-02T19:00:00Z,65,moderate,0.1667,43.0506,0.0000,Green
2025-04-02T19:05:00Z,70,moderate,0.1667,43.2322,0.0000,Green
2025-04-02T19:10:00Z,75,moderate,0.1667,42.6378,0.0000,Green
2025-04-02T19:15:00Z,80,moderate,0.1667,43.0056,0.0000,Green
2025-04-02T19:20:00Z,85,moderate,0.1667,43.1192,0.0000,Green
2025-04-02T19:25:00Z,90,moderate,0.1667,42.5521,0.0000,Green
2025-04-02T19:30:00Z,95,moderate,0.1667,42.9122,0.0000,Green
2025-04-02T19:35:00Z,100,moderate,0.1667,43.0273,0.0000,Green
2025-04-02T19:40:00Z,105,moderate,0.1667,43.2083,0.0000,Green
2025-04-02T19:45:00Z,110,moderate,0.1667,42.6137,0.0000,Green
2025-04-02T19:50:00Z,115,moderate,0.1667,42.9815,0.0000,Green
2025-04-02T19:55:00Z,120,moderate,0.1667,43.0949,0.0000,Green
2025-04-02T20:00:00Z,125,moderate,0.1667,42.5275,0.0000,Green
2025-04-02T20:05:00Z,130,moderate,0.1667,42.8875,0.0000,Green
2025-04-02T20:10:00Z,135,moderate,0.1667,43.0025,0.0000,Green
2025-04-02T20:15:00Z,140,moderate,0.1667,43.1834,0.0000,Green
2025-04-02T20:20:00Z,145,moderate,0.1667,42.5884,0.0000,Green
2025-04-02T20:25:00Z,150,moderate,0.1667,42.9561,0.0000,Green
2025-04-02T20:30:00Z,155,moderate,0.1667,43.0694,0.0000,Green
2025-04-02T20:35:00Z,160,moderate,0.1667,42.5016,0.0000,Green
2025-04-02T20:40:00Z,165,moderate,0.1667,42.8616,0.0000,Green
2025-04-02T20:45:00Z,170,moderate,0.1667,42.9764,0.0000,Green
2025-04-02T20:50:00Z,175,moderate,0.1667,43.1572,0.0000,Green
2025-04-02T20:55:00Z,180,moderate,0.1667,42.5619,0.0000,Green
2025-04-02T21:00:00Z,185,moderate,0.1667,42.9296,0.0000,Green
2025-04-02T21:05:00Z,190,moderate,0.1667,43.0427,0.0000,Green
2025-04-02T21:10:00Z,195,moderate,0.1667,43.2244,0.0000,Green
2025-04-02T21:15:00Z,200,moderate,0.1667,42.6298,0.0000,Green
2025-04-02T21:20:00Z,205,moderate,0.1667,42.9976,0.0000,Green
2025-04-02T21:25:00Z,210,moderate,0.1667,43.1111,0.0000,Green
2025-04-02T21:30:00Z,215,moderate,0.1667,42.5439,0.0000,Green
2025-04-02T21:35:00Z,220,moderate,0.1667,42.9040,0.0000,Green
2025-04-02T21:40:00Z,225,moderate,0.1667,43.0190,0.0000,Green
2025-04-02T21:45:00Z,230,moderate,0.1667,43.2000,0.0000,Green
2025-04-02T21:50:00Z,235,moderate,0.1667,42.6053,0.0000,Green
2025-04-02T21:55:00Z,240,moderate,0.1667,42.9731,0.0000,Green
2025-04-02T22:00:00Z,245,moderate,0.1667,43.0865,0.0000,Green
2025-04-02T22:05:00Z,250,moderate,0.1667,42.5189,0.0000,Green
2025-04-02T22:10:00Z,255,moderate,0.1667,42.8789,0.0000,Green
2025-04-02T22:15:00Z,260,moderate,0.1667,42.9938,0.0000,Green
2025-04-02T22:20:00Z,265,moderate,0.1667,43.1747,0.0000,Green
2025-04-02T22:25:00Z,270,moderate,0.1667,42.5796,0.0000,Green
2025-04-02T22:30:00Z,275,moderate,0.1667,42.9473,0.0000,Green
2025-04-02T22:35:00Z,280,moderate,0.1667,43.0606,0.0000,Green
2025-04-02T22:40:00Z,285,moderate,0.1667,42.4926,0.0000,Green
2025-04-02T22:45:00Z,290,moderate,0.1667,42.8526,0.0000,Green
2025-04-02T22:50:00Z,295,moderate,0.1667,42.9674,0.0000,Green
2025-04-02T22:55:00Z,300,moderate,0.1667,43.1481,0.0000,Green
2025-04-02T23:00:00Z,305,moderate,0.1667,42.5527,0.0000,Green
2025-04-02T23:05:00Z,310,moderate,0.1667,42.9203,0.0000,Green
2025-04-02T23:10:00Z,315,moderate,0.1667,43.0334,0.0000,Green
2025-04-02T23:15:00Z,320,moderate,0.1667,43.2150,0.0000,Green
2025-04-02T23:20:00Z,325,moderate,0.1667,42.6203,0.0000,Green
2025-04-02T23:25:00Z,330,moderate,0.1667,42.9881,0.0000,Green
2025-04-02T23:30:00Z,335,moderate,0.1667,43.1016,0.0000,Green
2025-04-02T23:35:00Z,340,moderate,0.1667,42.5343,0.0000,Green
2025-04-02T23:40:00Z,345,moderate,0.1667,42.8943,0.0000,Green
2025-04-02T23:45:00Z,350,moderate,0.1667,43.0093,0.0000,Green
2025-04-02T23:50:00Z,355,moderate,0.1667,43.1902,0.0000,Green
2025-04-02T23:55:00Z,360,moderate,0.1667,42.5954,0.0000,Green
2025-04-03T00:00:00Z,365,moderate,0.1667,42.9631,0.0000,Green
2025-04-03T00:05:00Z,370,moderate,0.1667,43.0765,0.0000,Green
2025-04-03T00:10:00Z,375,moderate,0.1667,42.5088,0.0000,Green
2025-04-03T00:15:00Z,380,moderate,0.1667,42.8687,0.0000,Green
2025-04-03T00:20:00Z,385,moderate,0.1667,42.9836,0.0000,Green
2025-04-03T00:25:00Z,390,moderate,0.1667,43.1644,0.0000,Green
2025-04-03T00:30:00Z,395,moderate,0.1667,42.5692,0.0000,Green
2025-04-03T00:35:00Z,400,moderate,0.1667,42.9369,0.0000,Green
2025-04-03T00:40:00Z,405,moderate,0.1667,43.0501,0.0000,Green
2025-04-03T00:45:00Z,410,moderate,0.1667,43.2317,0.0000,Green
2025-04-03T00:50:00Z,415,moderate,0.1667,42.6373,0.0000,Green
2025-04-03T00:55:00Z,420,moderate,0.1667,43.0051,0.0000,Green
2025-04-03T01:00:00Z,425,moderate,0.1667,43.1187,0.0000,Green
2025-04-03T01:05:00Z,430,moderate,0.1667,42.5516,0.0000,Green
2025-04-03T01:10:00Z,435,moderate,0.1667,42.9117,0.0000,Green
2025-04-03T01:15:00Z,440,moderate,0.1667,43.0268,0.0000,Green
2025-04-03T01:20:00Z,445,moderate,0.1667,43.2078,0.0000,Green
2025-04-03T01:25:00Z,450,moderate,0.1667,42.6132,0.0000,Green
2025-04-03T01:30:00Z,455,moderate,0.1667,42.9809,0.0000,Green
2025-04-03T01:35:00Z,460,moderate,0.1667,43.0944,0.0000,Green
2025-04-03T01:40:00Z,465,moderate,0.1667,42.5269,0.0000,Green
2025-04-03T01:45:00Z,470,moderate,0.1667,42.8869,0.0000,Green
2025-04-03T01:50:00Z,475,moderate,0.1667,43.0019,0.0000,Green
2025-04-03T01:55:00Z,480,moderate,0.1667,43.1828,0.0000,Green
2025-04-03T02:00:00Z,485,moderate,0.1667,42.5879,0.0000,Green
2025-04-03T02:05:00Z,490,moderate,0.1667,42.9556,0.0000,Green
2025-04-03T02:10:00Z,495,moderate,0.1667,43.0689,0.0000,Green
2025-04-03T02:15:00Z,500,moderate,0.1667,42.5011,0.0000,Green
2025-04-03T02:20:00Z,505,moderate,0.1667,42.8610,0.0000,Green
2025-04-03T02:25:00Z,510,moderate,0.1667,42.9759,0.0000,Green
2025-04-03T02:30:00Z,515,moderate,0.1667,43.1567,0.0000,Green
2025-04-03T02:35:00Z,520,moderate,0.1667,42.5613,0.0000,Green
2025-04-03T02:40:00Z,525,moderate,0.1667,42.9290,0.0000,Green
2025-04-03T02:45:00Z,530,moderate,0.1667,43.0421,0.0000,Green
2025-04-03T02:50:00Z,535,moderate,0.1667,43.2238,0.0000,Green
2025-04-03T02:55:00Z,540,moderate,0.1667,42.6292,0.0000,Green
2025-04-03T03:00:00Z,545,moderate,0.1667,42.9970,0.0000,Green
2025-04-03T03:05:00Z,550,moderate,0.1667,43.1105,0.0000,Green
2025-04-03T03:10:00Z,555,moderate,0.1667,42.5433,0.0000,Green
2025-04-03T03:15:00Z,560,moderate,0.1667,42.9034,0.0000,Green
2025-04-03T03:20:00Z,565,moderate,0.1667,43.0184,0.0000,Green
2025-04-03T03:25:00Z,570,moderate,0.1667,43.1994,0.0000,Green
2025-04-03T03:30:00Z,575,moderate,0.1667,42.6047,0.0000,Green
2025-04-03T03:35:00Z,580,moderate,0.1667,42.9724,0.0000,Green
2025-04-03T03:40:00Z,585,moderate,0.1667,43.0858,0.0000,Green
2025-04-03T03:45:00Z,590,moderate,0.1667,42.5183,0.0000,Green
2025-04-03T03:50:00Z,595,moderate,0.1667,42.8783,0.0000,Green
2025-04-03T03:55:00Z,600,moderate,0.1667,42.9932,0.0000,Green
2025-04-03T04:00:00Z,605,moderate,0.1667,43.1741,0.0000,Green
2025-04-03T04:05:00Z,610,moderate,0.1667,42.5790,0.0000,Green
2025-04-03T04:10:00Z,615,moderate,0.1667,42.9466,0.0000,Green
2025-04-03T04:15:00Z,620,moderate,0.1667,43.0599,0.0000,Green
2025-04-03T04:20:00Z,625,moderate,0.1667,42.4920,0.0000,Green
2025-04-03T04:25:00Z,630,moderate,0.1667,42.8519,0.0000,Green
2025-04-03T04:30:00Z,635,moderate,0.1667,42.9667,0.0000,Green
2025-04-03T04:35:00Z,640,moderate,0.1667,43.1475,0.0000,Green
2025-04-03T04:40:00Z,645,moderate,0.1667,42.5520,0.0000,Green
2025-04-03T04:45:00Z,650,moderate,0.1667,42.9196,0.0000,Green
2025-04-03T04:50:00Z,655,moderate,0.1667,43.0327,0.0000,Green
2025-04-03T04:55:00Z,660,moderate,0.1667,43.2143,0.0000,Green
2025-04-03T05:00:00Z,665,moderate,0.1667,42.6196,0.0000,Green
2025-04-03T05:05:00Z,670,moderate,0.1667,42.9874,0.0000,Green
2025-04-03T05:10:00Z,675,moderate,0.1667,43.1009,0.0000,Green
2025-04-03T05:15:00Z,680,moderate,0.1667,42.5335,0.0000,Green
2025-04-03T05:20:00Z,685,moderate,0.1667,42.8936,0.0000,Green
2025-04-03T05:25:00Z,690,moderate,0.1667,43.0086,0.0000,Green
2025-04-03T05:30:00Z,695,moderate,0.1667,43.1895,0.0000,Green
2025-04-03T05:35:00Z,700,moderate,0.1667,42.5947,0.0000,Green
2025-04-03T05:40:00Z,705,moderate,0.1667,42.9624,0.0000,Green
2025-04-03T05:45:00Z,710,moderate,0.1667,43.0757,0.0000,Green
2025-04-03T05:50:00Z,715,moderate,0.1667,42.5080,0.0000,Green
2025-04-03T05:55:00Z,720,moderate,0.1667,42.8680,0.0000,Green
2025-04-02T18:00:00Z,5,heavy,0.4167,42.9828,0.0000,Green
2025-04-02T18:05:00Z,10,heavy,0.4167,43.1637,0.0000,Green
2025-04-02T18:10:00Z,15,heavy,0.4167,42.5684,0.0000,Green
2025-04-02T18:15:00Z,20,heavy,0.4167,42.9361,0.0000,Green
2025-04-02T18:20:00Z,25,heavy,0.4167,43.0493,0.0000,Green
2025-04-02T18:25:00Z,30,heavy,0.4167,43.3161,0.0000,Green
2025-04-02T18:30:00Z,35,heavy,0.4167,42.6015,0.0000,Green
2025-04-02T18:35:00Z,40,heavy,0.4167,43.0863,0.0000,Green
2025-04-02T18:40:00Z,45,heavy,0.4167,42.2743,0.0000,Green
2025-04-02T18:45:00Z,50,heavy,0.4167,42.7832,0.0000,Green
2025-04-02T18:50:00Z,55,heavy,0.4167,42.7301,0.0000,Green
2025-04-02T18:55:00Z,60,heavy,0.4167,42.8265,0.0000,Green
2025-04-02T19:00:00Z,65,heavy,0.4167,42.8836,0.0000,Green
2025-04-02T19:05:00Z,70,heavy,0.4167,42.9515,0.0000,Green
2025-04-02T19:10:00Z,75,heavy,0.4167,43.0169,0.0000,Green
2025-04-02T19:15:00Z,80,heavy,0.4167,43.0833,0.0000,Green
2025-04-02T19:20:00Z,85,heavy,0.4167,42.6634,0.0000,Green
2025-04-02T19:25:00Z,90,heavy,0.4167,42.8571,0.0000,Green
2025-04-02T19:30:00Z,95,heavy,0.4167,42.8885,0.0000,Green
2025-04-02T19:35:00Z,100,heavy,0.4167,42.9633,0.0000,Green
2025-04-02T19:40:00Z,105,heavy,0.4167,43.0269,0.0000,Green
2025-04-02T19:45:00Z,110,heavy,0.4167,43.0939,0.0000,Green
2025-04-02T19:50:00Z,115,heavy,0.4167,42.6739,0.0000,Green
2025-04-02T19:55:00Z,120,heavy,0.4167,42.8677,0.0000,Green
2025-04-02T20:00:00Z,125,heavy,0.4167,42.8990,0.0000,Green
2025-04-02T20:05:00Z,130,heavy,0.4167,42.9739,0.0000,Green
2025-04-02T20:10:00Z,135,heavy,0.4167,43.0376,0.0000,Green
2025-04-02T20:15:00Z,140,heavy,0.4167,43.1046,0.0000,Green
2025-04-02T20:20:00Z,145,heavy,0.4167,42.6847,0.0000,Green
2025-04-02T20:25:00Z,150,heavy,0.4167,42.8786,0.0000,Green
2025-04-02T20:30:00Z,155,heavy,0.4167,42.9100,0.0000,Green
2025-04-02T20:35:00Z,160,heavy,0.4167,42.9849,0.0000,Green
2025-04-02T20:40:00Z,165,heavy,0.4167,43.0486,0.0000,Green
2025-04-02T20:45:00Z,170,heavy,0.4167,43.1157,0.0000,Green
2025-04-02T20:50:00Z,175,heavy,0.4167,42.6960,0.0000,Green
2025-04-02T20:55:00Z,180,heavy,0.4167,42.8898,0.0000,Green
2025-04-02T21:00:00Z,185,heavy,0.4167,42.9213,0.0000,Green
2025-04-02T21:05:00Z,190,heavy,0.4167,42.9963,0.0000,Green
2025-04-02T21:10:00Z,195,heavy,0.4167,43.0601,0.0000,Green
2025-04-02T21:15:00Z,200,heavy,0.4167,42.6409,0.0000,Green
2025-04-02T21:20:00Z,205,heavy,0.4167,42.8343,0.0000,Green
2025-04-02T21:25:00Z,210,heavy,0.4167,42.8656,0.0000,Green
2025-04-02T21:30:00Z,215,heavy,0.4167,42.9402,0.0000,Green
2025-04-02T21:35:00Z,220,heavy,0.4167,43.0038,0.0000,Green
2025-04-02T21:40:00Z,225,heavy,0.4167,43.0706,0.0000,Green
2025-04-02T21:45:00Z,230,heavy,0.4167,42.6503,0.0000,Green
2025-04-02T21:50:00Z,235,heavy,0.4167,42.8440,0.0000,Green
2025-04-02T21:55:00Z,240,heavy,0.4167,42.8753,0.0000,Green
2025-04-02T22:00:00Z,245,heavy,0.4167,42.9500,0.0000,Green
2025-04-02T22:05:00Z,250,heavy,0.4167,43.0136,0.0000,Green
2025-04-02T22:10:00Z,255,heavy,0.4167,43.0805,0.0000,Green
2025-04-02T22:15:00Z,260,heavy,0.4167,42.6603,0.0000,Green
2025-04-02T22:20:00Z,265,heavy,0.4167,42.8541,0.0000,Green
2025-04-02T22:25:00Z,270,heavy,0.4167,42.8854,0.0000,Green
2025-04-02T22:30:00Z,275,heavy,0.4167,42.9602,0.0000,Green
2025-04-02T22:35:00Z,280,heavy,0.4167,43.0238,0.0000,Green
2025-04-02T22:40:00Z,285,heavy,0.4167,43.0907,0.0000,Green
2025-04-02T22:45:00Z,290,heavy,0.4167,42.6707,0.0000,Green
2025-04-02T22:50:00Z,295,heavy,0.4167,42.8645,0.0000,Green
2025-04-02T22:55:00Z,300,heavy,0.4167,42.8959,0.0000,Green
2025-04-02T23:00:00Z,305,heavy,0.4167,42.9707,0.0000,Green
2025-04-02T23:05:00Z,310,heavy,0.4167,43.0343,0.0000,Green
2025-04-02T23:10:00Z,315,heavy,0.4167,43.1014,0.0000,Green
2025-04-02T23:15:00Z,320,heavy,0.4167,42.6815,0.0000,Green
2025-04-02T23:20:00Z,325,heavy,0.4167,42.8753,0.0000,Green
2025-04-02T23:25:00Z,330,heavy,0.4167,42.9067,0.0000,Green
2025-04-02T23:30:00Z,335,heavy,0.4167,42.9816,0.0000,Green
2025-04-02T23:35:00Z,340,heavy,0.4167,43.0453,0.0000,Green
2025-04-02T23:40:00Z,345,heavy,0.4167,43.1123,0.0000,Green
2025-04-02T23:45:00Z,350,heavy,0.4167,42.6926,0.0000,Green
2025-04-02T23:50:00Z,355,heavy,0.4167,42.8864,0.0000,Green
2025-04-02T23:55:00Z,360,heavy,0.4167,42.9179,0.0000,Green
2025-04-03T00:00:00Z,365,heavy,0.4167,42.9928,0.0000,Green
2025-04-03T00:05:00Z,370,heavy,0.4167,43.0566,0.0000,Green
2025-04-03T00:10:00Z,375,heavy,0.4167,42.6374,0.0000,Green
2025-04-03T00:15:00Z,380,heavy,0.4167,42.8308,0.0000,Green
2025-04-03T00:20:00Z,385,heavy,0.4167,42.8620,0.0000,Green
2025-04-03T00:25:00Z,390,heavy,0.4167,42.9367,0.0000,Green
2025-04-03T00:30:00Z,395,heavy,0.4167,43.0002,0.0000,Green
2025-04-03T00:35:00Z,400,heavy,0.4167,43.0671,0.0000,Green
2025-04-03T00:40:00Z,405,heavy,0.4167,42.6467,0.0000,Green
2025-04-03T00:45:00Z,410,heavy,0.4167,42.8404,0.0000,Green
2025-04-03T00:50:00Z,415,heavy,0.4167,42.8716,0.0000,Green
2025-04-03T00:55:00Z,420,heavy,0.4167,42.9464,0.0000,Green
2025-04-03T01:00:00Z,425,heavy,0.4167,43.0099,0.0000,Green
2025-04-03T01:05:00Z,430,heavy,0.4167,43.0768,0.0000,Green
2025-04-03T01:10:00Z,435,heavy,0.4167,42.6566,0.0000,Green
2025-04-03T01:15:00Z,440,heavy,0.4167,42.8503,0.0000,Green
2025-04-03T01:20:00Z,445,heavy,0.4167,42.8816,0.0000,Green
2025-04-03T01:25:00Z,450,heavy,0.4167,42.9564,0.0000,Green
2025-04-03T01:30:00Z,455,heavy,0.4167,43.0200,0.0000,Green
2025-04-03T01:35:00Z,460,heavy,0.4167,43.0869,0.0000,Green
2025-04-03T01:40:00Z,465,heavy,0.4167,42.6668,0.0000,Green
2025-04-03T01:45:00Z,470,heavy,0.4167,42.8606,0.0000,Green
2025-04-03T01:50:00Z,475,heavy,0.4167,42.8920,0.0000,Green
2025-04-03T01:55:00Z,480,heavy,0.4167,42.9668,0.0000,Green
2025-04-03T02:00:00Z,485,heavy,0.4167,43.0304,0.0000,Green
2025-04-03T02:05:00Z,490,heavy,0.4167,43.0974,0.0000,Green
2025-04-03T02:10:00Z,495,heavy,0.4167,42.6774,0.0000,Green
2025-04-03T02:15:00Z,500,heavy,0.4167,42.8713,0.0000,Green
2025-04-03T02:20:00Z,505,heavy,0.4167,42.9027,0.0000,Green
2025-04-03T02:25:00Z,510,heavy,0.4167,42.9775,0.0000,Green
2025-04-03T02:30:00Z,515,heavy,0.4167,43.0412,0.0000,Green
2025-04-03T02:35:00Z,520,heavy,0.4167,43.1082,0.0000,Green
2025-04-03T02:40:00Z,525,heavy,0.4167,42.6884,0.0000,Green
2025-04-03T02:45:00Z,530,heavy,0.4167,42.8823,0.0000,Green
2025-04-03T02:50:00Z,535,heavy,0.4167,42.9137,0.0000,Green
2025-04-03T02:55:00Z,540,heavy,0.4167,42.9886,0.0000,Green
2025-04-03T03:00:00Z,545,heavy,0.4167,43.0524,0.0000,Green
2025-04-03T03:05:00Z,550,heavy,0.4167,42.6331,0.0000,Green
2025-04-03T03:10:00Z,555,heavy,0.4167,42.8265,0.0000,Green
2025-04-03T03:15:00Z,560,heavy,0.4167,42.8577,0.0000,Green
2025-04-03T03:20:00Z,565,heavy,0.4167,42.9323,0.0000,Green
2025-04-03T03:25:00Z,570,heavy,0.4167,42.9958,0.0000,Green
2025-04-03T03:30:00Z,575,heavy,0.4167,43.0627,0.0000,Green
2025-04-03T03:35:00Z,580,heavy,0.4167,42.6422,0.0000,Green
2025-04-03T03:40:00Z,585,heavy,0.4167,42.8360,0.0000,Green
2025-04-03T03:45:00Z,590,heavy,0.4167,42.8672,0.0000,Green
2025-04-03T03:50:00Z,595,heavy,0.4167,42.9419,0.0000,Green
2025-04-03T03:55:00Z,600,heavy,0.4167,43.0054,0.0000,Green
2025-04-03T04:00:00Z,605,heavy,0.4167,43.0723,0.0000,Green
2025-04-03T04:05:00Z,610,heavy,0.4167,42.6520,0.0000,Green
2025-04-03T04:10:00Z,615,heavy,0.4167,42.8457,0.0000,Green
2025-04-03T04:15:00Z,620,heavy,0.4167,42.8770,0.0000,Green
2025-04-03T04:20:00Z,625,heavy,0.4167,42.9517,0.0000,Green
2025-04-03T04:25:00Z,630,heavy,0.4167,43.0153,0.0000,Green
2025-04-03T04:30:00Z,635,heavy,0.4167,43.0822,0.0000,Green
2025-04-03T04:35:00Z,640,heavy,0.4167,42.6620,0.0000,Green
2025-04-03T04:40:00Z,645,heavy,0.4167,42.8558,0.0000,Green
2025-04-03T04:45:00Z,650,heavy,0.4167,42.8872,0.0000,Green
2025-04-03T04:50:00Z,655,heavy,0.4167,42.9619,0.0000,Green
2025-04-03T04:55:00Z,660,heavy,0.4167,43.0256,0.0000,Green
2025-04-03T05:00:00Z,665,heavy,0.4167,43.0925,0.0000,Green
2025-04-03T05:05:00Z,670,heavy,0.4167,42.6725,0.0000,Green
2025-04-03T05:10:00Z,675,heavy,0.4167,42.8663,0.0000,Green
2025-04-03T05:15:00Z,680,heavy,0.4167,42.8977,0.0000,Green
2025-04-03T05:20:00Z,685,heavy,0.4167,42.9725,0.0000,Green
2025-04-03T05:25:00Z,690,heavy,0.4167,43.0362,0.0000,Green
2025-04-03T05:30:00Z,695,heavy,0.4167,43.1032,0.0000,Green
2025-04-03T05:35:00Z,700,heavy,0.4167,42.6833,0.0000,Green
2025-04-03T05:40:00Z,705,heavy,0.4167,42.8772,0.0000,Green
2025-04-03T05:45:00Z,710,heavy,0.4167,42.9086,0.0000,Green
2025-04-03T05:50:00Z,715,heavy,0.4167,42.9835,0.0000,Green
2025-04-03T05:55:00Z,720,heavy,0.4167,43.0472,0.0000,Green
2025-04-02T18:00:00Z,5,forecast,0.0667,43.1142,0.0000,Green
2025-04-02T18:05:00Z,10,forecast,0.0667,42.6945,0.0000,Green
2025-04-02T18:10:00Z,15,forecast,0.0667,42.8884,0.0000,Green
2025-04-02T18:15:00Z,20,forecast,0.0667,42.9199,0.0000,Green
2025-04-02T18:20:00Z,25,forecast,0.0667,42.9948,0.0000,Green
2025-04-02T18:25:00Z,30,forecast,0.0667,43.2715,0.0000,Green
2025-04-02T18:30:00Z,35,forecast,0.0667,42.5519,0.0000,Green
2025-04-02T18:35:00Z,40,forecast,0.0667,43.0378,0.0000,Green
2025-04-02T18:40:00Z,45,forecast,0.0667,43.2053,0.0000,Green
2025-04-02T18:45:00Z,50,forecast,0.0667,42.5315,0.0000,Green
2025-04-02T18:50:00Z,55,forecast,0.0667,42.9709,0.0000,Green
2025-04-02T18:55:00Z,60,forecast,0.0667,43.1163,0.0000,Green
2025-04-02T19:00:00Z,65,forecast,0.2000,42.4845,0.0000,Green
2025-04-02T19:05:00Z,70,forecast,0.2000,42.9125,0.0000,Green
2025-04-02T19:10:00Z,75,forecast,0.2000,43.0606,0.0000,Green
2025-04-02T19:15:00Z,80,forecast,0.2000,42.4268,0.0000,Green
2025-04-02T19:20:00Z,85,forecast,0.2000,42.8550,0.0000,Green
2025-04-02T19:25:00Z,90,forecast,0.2000,43.0027,0.0000,Green
2025-04-02T19:30:00Z,95,forecast,0.2000,43.2260,0.0000,Green
2025-04-02T19:35:00Z,100,forecast,0.2000,42.5626,0.0000,Green
2025-04-02T19:40:00Z,105,forecast,0.2000,42.9995,0.0000,Green
2025-04-02T19:45:00Z,110,forecast,0.2000,43.1457,0.0000,Green
2025-04-02T19:50:00Z,115,forecast,0.2000,42.5820,0.0000,Green
2025-04-02T19:55:00Z,120,forecast,0.2000,42.9243,0.0000,Green
2025-04-02T20:00:00Z,125,forecast,0.1667,43.0272,0.0000,Green
2025-04-02T20:05:00Z,130,forecast,0.1667,43.1944,0.0000,Green
2025-04-02T20:10:00Z,135,forecast,0.1667,42.6226,0.0000,Green
2025-04-02T20:15:00Z,140,forecast,0.1667,42.9673,0.0000,Green
2025-04-02T20:20:00Z,145,forecast,0.1667,43.0697,0.0000,Green
2025-04-02T20:25:00Z,150,forecast,0.1667,42.5236,0.0000,Green
2025-04-02T20:30:00Z,155,forecast,0.1667,42.8609,0.0000,Green
2025-04-02T20:35:00Z,160,forecast,0.1667,42.9647,0.0000,Green
2025-04-02T20:40:00Z,165,forecast,0.1667,43.1313,0.0000,Green
2025-04-02T20:45:00Z,170,forecast,0.1667,42.5587,0.0000,Green
2025-04-02T20:50:00Z,175,forecast,0.1667,42.9202,0.0000,Green
2025-04-02T20:55:00Z,180,forecast,0.1667,43.0350,0.0000,Green
2025-04-02T21:00:00Z,185,forecast,0.1750,43.2162,0.0000,Green
2025-04-02T21:05:00Z,190,forecast,0.1750,42.6217,0.0000,Green
2025-04-02T21:10:00Z,195,forecast,0.1750,42.9894,0.0000,Green
2025-04-02T21:15:00Z,200,forecast,0.1750,43.1029,0.0000,Green
2025-04-02T21:20:00Z,205,forecast,0.1750,42.5356,0.0000,Green
2025-04-02T21:25:00Z,210,forecast,0.1750,42.8956,0.0000,Green
2025-04-02T21:30:00Z,215,forecast,0.1750,43.0106,0.0000,Green
2025-04-02T21:35:00Z,220,forecast,0.1750,43.1916,0.0000,Green
2025-04-02T21:40:00Z,225,forecast,0.1750,42.5968,0.0000,Green
2025-04-02T21:45:00Z,230,forecast,0.1750,42.9645,0.0000,Green
2025-04-02T21:50:00Z,235,forecast,0.1750,43.0736,0.0000,Green
2025-04-02T21:55:00Z,240,forecast,0.1750,42.5119,0.0000,Green
2025-04-02T22:00:00Z,245,forecast,0.2417,42.8660,0.0000,Green
2025-04-02T22:05:00Z,250,forecast,0.2417,42.9782,0.0000,Green
2025-04-02T22:10:00Z,255,forecast,0.2417,43.1554,0.0000,Green
2025-04-02T22:15:00Z,260,forecast,0.2417,42.5659,0.0000,Green
2025-04-02T22:20:00Z,265,forecast,0.2417,42.9277,0.0000,Green
2025-04-02T22:25:00Z,270,forecast,0.2417,43.0382,0.0000,Green
2025-04-02T22:30:00Z,275,forecast,0.2417,43.2162,0.0000,Green
2025-04-02T22:35:00Z,280,forecast,0.2417,42.6273,0.0000,Green
2025-04-02T22:40:00Z,285,forecast,0.2417,42.9894,0.0000,Green
2025-04-02T22:45:00Z,290,forecast,0.2417,43.1001,0.0000,Green
2025-04-02T22:50:00Z,295,forecast,0.2417,42.5722,0.0000,Green
2025-04-02T22:55:00Z,300,forecast,0.2417,42.8836,0.0000,Green
2025-04-02T23:00:00Z,305,forecast,0.1583,42.9732,0.0000,Green
2025-04-02T23:05:00Z,310,forecast,0.1583,43.1224,0.0000,Green
2025-04-02T23:10:00Z,315,forecast,0.1583,42.5783,0.0000,Green
2025-04-02T23:15:00Z,320,forecast,0.1583,42.8940,0.0000,Green
2025-04-02T23:20:00Z,325,forecast,0.1583,42.9825,0.0000,Green
2025-04-02T23:25:00Z,330,forecast,0.1583,43.1320,0.0000,Green
2025-04-02T23:30:00Z,335,forecast,0.1583,42.5880,0.0000,Green
2025-04-02T23:35:00Z,340,forecast,0.1583,42.9038,0.0000,Green
2025-04-02T23:40:00Z,345,forecast,0.1583,42.9923,0.0000,Green
2025-04-02T23:45:00Z,350,forecast,0.1583,43.1419,0.0000,Green
2025-04-02T23:50:00Z,355,forecast,0.1583,42.5554,0.0000,Green
2025-04-02T23:55:00Z,360,forecast,0.1583,42.9249,0.0000,Green
2025-04-03T00:00:00Z,365,forecast,0.1833,43.0418,0.0000,Green
2025-04-03T00:05:00Z,370,forecast,0.1833,43.2267,0.0000,Green
2025-04-03T00:10:00Z,375,forecast,0.1833,42.6266,0.0000,Green
2025-04-03T00:15:00Z,380,forecast,0.1833,43.0001,0.0000,Green
2025-04-03T00:20:00Z,385,forecast,0.1833,43.1164,0.0000,Green
2025-04-03T00:25:00Z,390,forecast,0.1833,42.5438,0.0000,Green
2025-04-03T00:30:00Z,395,forecast,0.1833,42.9096,0.0000,Green
2025-04-03T00:35:00Z,400,forecast,0.1833,43.0274,0.0000,Green
2025-04-03T00:40:00Z,405,forecast,0.1833,43.2119,0.0000,Green
2025-04-03T00:45:00Z,410,forecast,0.1833,42.6117,0.0000,Green
2025-04-03T00:50:00Z,415,forecast,0.1833,42.9724,0.0000,Green
2025-04-03T00:55:00Z,420,forecast,0.1833,43.0792,0.0000,Green
2025-04-03T01:00:00Z,425,forecast,0.1667,42.5228,0.0000,Green
2025-04-03T01:05:00Z,430,forecast,0.1667,42.8713,0.0000,Green
2025-04-03T01:10:00Z,435,forecast,0.1667,42.9808,0.0000,Green
2025-04-03T01:15:00Z,440,forecast,0.1667,43.1545,0.0000,Green
2025-04-03T01:20:00Z,445,forecast,0.1667,42.5707,0.0000,Green
2025-04-03T01:25:00Z,450,forecast,0.1667,42.9268,0.0000,Green
2025-04-03T01:30:00Z,455,forecast,0.1667,43.0345,0.0000,Green
2025-04-03T01:35:00Z,460,forecast,0.1667,43.2090,0.0000,Green
2025-04-03T01:40:00Z,465,forecast,0.1667,42.6258,0.0000,Green
2025-04-03T01:45:00Z,470,forecast,0.1667,42.9820,0.0000,Green
2025-04-03T01:50:00Z,475,forecast,0.1667,43.0985,0.0000,Green
2025-04-03T01:55:00Z,480,forecast,0.1667,42.5298,0.0000,Green
2025-04-03T02:00:00Z,485,forecast,0.2167,42.8902,0.0000,Green
2025-04-03T02:05:00Z,490,forecast,0.2167,43.0051,0.0000,Green
2025-04-03T02:10:00Z,495,forecast,0.2167,43.1860,0.0000,Green
2025-04-03T02:15:00Z,500,forecast,0.2167,42.5911,0.0000,Green
2025-04-03T02:20:00Z,505,forecast,0.2167,42.9588,0.0000,Green
2025-04-03T02:25:00Z,510,forecast,0.2167,43.0722,0.0000,Green
2025-04-03T02:30:00Z,515,forecast,0.2167,42.5044,0.0000,Green
2025-04-03T02:35:00Z,520,forecast,0.2167,42.8644,0.0000,Green
2025-04-03T02:40:00Z,525,forecast,0.2167,42.9792,0.0000,Green
2025-04-03T02:45:00Z,530,forecast,0.2167,43.1600,0.0000,Green
2025-04-03T02:50:00Z,535,forecast,0.2167,42.5902,0.0000,Green
2025-04-03T02:55:00Z,540,forecast,0.2167,42.9257,0.0000,Green
2025-04-03T03:00:00Z,545,forecast,0.0083,43.0219,0.0000,Green
2025-04-03T03:05:00Z,550,forecast,0.0083,43.1823,0.0000,Green
2025-04-03T03:10:00Z,555,forecast,0.0083,42.6217,0.0000,Green
2025-04-03T03:15:00Z,560,forecast,0.0083,42.9549,0.0000,Green
2025-04-03T03:20:00Z,565,forecast,0.0083,43.0518,0.0000,Green
2025-04-03T03:25:00Z,570,forecast,0.0083,43.2123,0.0000,Green
2025-04-03T03:30:00Z,575,forecast,0.0083,42.6521,0.0000,Green
2025-04-03T03:35:00Z,580,forecast,0.0083,42.9853,0.0000,Green
2025-04-03T03:40:00Z,585,forecast,0.0083,43.0824,0.0000,Green
2025-04-03T03:45:00Z,590,forecast,0.0083,42.5473,0.0000,Green
2025-04-03T03:50:00Z,595,forecast,0.0083,42.9797,0.0000,Green
2025-04-03T03:55:00Z,600,forecast,0.0083,43.1569,0.0000,Green
2025-04-03T04:00:00Z,605,forecast,0.0000,42.4824,0.0000,Green
2025-04-03T04:05:00Z,610,forecast,0.0000,42.9516,0.0000,Green
2025-04-03T04:10:00Z,615,forecast,0.0000,43.1187,0.0000,Green
2025-04-03T04:15:00Z,620,forecast,0.0000,42.4479,0.0000,Green
2025-04-03T04:20:00Z,625,forecast,0.0000,42.9159,0.0000,Green
2025-04-03T04:25:00Z,630,forecast,0.0000,43.0832,0.0000,Green
2025-04-03T04:30:00Z,635,forecast,0.0000,42.4117,0.0000,Green
2025-04-03T04:35:00Z,640,forecast,0.0000,42.8797,0.0000,Green
2025-04-03T04:40:00Z,645,forecast,0.0000,43.0467,0.0000,Green
2025-04-03T04:45:00Z,650,forecast,0.0000,43.2949,0.0000,Green
2025-04-03T04:50:00Z,655,forecast,0.0000,42.5880,0.0000,Green
2025-04-03T04:55:00Z,660,forecast,0.0000,43.0707,0.0000,Green
2025-04-03T05:00:00Z,665,forecast,0.0167,42.2593,0.0000,Green
2025-04-03T05:05:00Z,670,forecast,0.0167,42.7679,0.0000,Green
2025-04-03T05:10:00Z,675,forecast,0.0167,42.9278,0.0000,Green
2025-04-03T05:15:00Z,680,forecast,0.0167,43.1815,0.0000,Green
2025-04-03T05:20:00Z,685,forecast,0.0167,42.4703,0.0000,Green
2025-04-03T05:25:00Z,690,forecast,0.0167,42.9534,0.0000,Green
2025-04-03T05:30:00Z,695,forecast,0.0167,43.1211,0.0000,Green
2025-04-03T05:35:00Z,700,forecast,0.0167,42.4458,0.0000,Green
2025-04-03T05:40:00Z,705,forecast,0.0167,42.9193,0.0000,Green
2025-04-03T05:45:00Z,710,forecast,0.0167,43.0894,0.0000,Green
2025-04-03T05:50:00Z,715,forecast,0.0167,42.4210,0.0000,Green
2025-04-03T05:55:00Z,720,forecast,0.0167,42.8840,0.0000,Green
